{
    "e2e_accuracy": 0.11283643892339544,
    "e2e_macro_f1": 0.07517517517517518,
    "stage1_routing_acc": 0.9637681159420289,
    "within_chapter_acc": 0.11707841031149302,
    "n_correct": 109,
    "n_routing_correct": 931,
    "n_routing_errors": 35,
    "n_stage2_correct": 109,
    "e002_accuracy": 0.7329,
    "e002_macro_f1": 0.6344,
    "delta_accuracy": -0.6200635610766045,
    "delta_macro_f1": -0.5592248248248248
}