{
    "e2e_accuracy": 0.6625258799171843,
    "e2e_macro_f1": 0.5478794251664914,
    "stage1_routing_acc": 0.953416149068323,
    "within_chapter_acc": 0.6948968512486428,
    "n_correct": 640,
    "n_routing_correct": 921,
    "n_routing_errors": 45,
    "n_stage2_correct": 640,
    "e002_accuracy": 0.469,
    "e002_macro_f1": 0.352,
    "e003_accuracy": 0.106,
    "e003_macro_f1": 0.07,
    "delta_e002_accuracy": 0.19352587991718428,
    "delta_e002_macro_f1": 0.19587942516649137,
    "delta_e003_accuracy": 0.5565258799171843
}