{
    "experiment": "E-001_Baseline_ICD3",
    "model": "emilyalsentzer/Bio_ClinicalBERT",
    "label_scheme": "icd3",
    "num_labels": 675,
    "num_epochs": 30,
    "best_epoch": 30.0,
    "train_runtime": 9392.8165,
    "train_samples_per_second": 26.165,
    "train_steps_per_second": 1.635,
    "total_flos": 6.505290031693824e+16,
    "train_loss": 1.6077606777350109,
    "epoch": 30.0,
    "eval_loss": 0.8846495151519775,
    "eval_accuracy": 0.8701171875,
    "eval_macro_f1": 0.8444961357917117,
    "eval_top_5_accuracy": 0.9287109375,
    "eval_runtime": 11.323,
    "eval_samples_per_second": 90.435,
    "eval_steps_per_second": 11.304,
    "step": 15360
}