{
    "e2e_accuracy": 0.7981366459627329,
    "e2e_macro_f1": 0.7104805145667801,
    "stage1_routing_acc": 0.9637681159420289,
    "within_chapter_acc": 0.8281417830290011,
    "n_correct": 771,
    "n_routing_correct": 931,
    "n_routing_errors": 35,
    "n_stage2_correct": 771,
    "e002_accuracy": 0.7329,
    "e002_macro_f1": 0.6344,
    "e003_accuracy": 0.111,
    "e003_macro_f1": 0.0747,
    "delta_e002_accuracy": 0.06523664596273293,
    "delta_e002_macro_f1": 0.07608051456678011,
    "delta_e003_accuracy": 0.6871366459627329,
    "delta_e003_macro_f1": 0.6357805145667801
}