{
    "experiment_id": "E-009",
    "experiment_name": "E-009_Balanced_E002Init",
    "timestamp": "2026-05-01T17:49:50.970691",
    "stage1": {
        "source": "E-003_Hierarchical_ICD10",
        "test_accuracy": 0.9637681159420289,
        "test_macro_f1": 0.0,
        "test_top5": 0.0
    },
    "stage2": {
        "init_model": "E-002_FullICD10_ClinicalBERT",
        "num_epochs": 20,
        "extended_chapters": [
            "Z",
            "E",
            "H",
            "T",
            "K",
            "S"
        ],
        "extended_epochs": 10,
        "extended_lr": 5e-06,
        "num_resolvers": 19,
        "skip_chapters": [
            "Q",
            "U",
            "P"
        ],
        "weighted_val_f1": 0.7424406599087229,
        "weighted_val_acc": 0.8199289836305457
    },
    "end_to_end": {
        "test_accuracy": 0.7919254658385093,
        "test_macro_f1": 0.699175103112111,
        "stage1_routing": 0.9637681159420289,
        "within_chapter": 0.8216970998925887
    },
    "baselines": {
        "e002_accuracy": 0.7329,
        "e002_macro_f1": 0.6344,
        "e003_accuracy": 0.111,
        "e003_macro_f1": 0.0747
    },
    "deltas": {
        "vs_e002_accuracy": 0.05902546583850932,
        "vs_e002_macro_f1": 0.06477510311211099,
        "vs_e003_accuracy": 0.6809254658385093,
        "vs_e003_macro_f1": 0.624475103112111
    },
    "key_finding": "E-009 hierarchical pipeline (E-002 init Stage-2) achieves 79.2% E2E accuracy \u2014 +5.9% vs E-002 flat baseline (73.3%). First hierarchical result to definitively exceed the flat ICD-10 classifier. Within-chapter accuracy 82.2% exceeds the 80.4% target."
}