{
    "A": {
        "n_true": 8,
        "n_correct": 8,
        "accuracy": 1.0
    },
    "B": {
        "n_true": 13,
        "n_correct": 12,
        "accuracy": 0.9230769230769231
    },
    "C": {
        "n_true": 48,
        "n_correct": 47,
        "accuracy": 0.9791666666666666
    },
    "D": {
        "n_true": 39,
        "n_correct": 37,
        "accuracy": 0.9487179487179487
    },
    "E": {
        "n_true": 32,
        "n_correct": 31,
        "accuracy": 0.96875
    },
    "F": {
        "n_true": 56,
        "n_correct": 55,
        "accuracy": 0.9821428571428571
    },
    "G": {
        "n_true": 25,
        "n_correct": 25,
        "accuracy": 1.0
    },
    "H": {
        "n_true": 44,
        "n_correct": 43,
        "accuracy": 0.9772727272727273
    },
    "I": {
        "n_true": 73,
        "n_correct": 69,
        "accuracy": 0.9452054794520548
    },
    "J": {
        "n_true": 50,
        "n_correct": 48,
        "accuracy": 0.96
    },
    "K": {
        "n_true": 70,
        "n_correct": 68,
        "accuracy": 0.9714285714285714
    },
    "L": {
        "n_true": 43,
        "n_correct": 41,
        "accuracy": 0.9534883720930233
    },
    "M": {
        "n_true": 104,
        "n_correct": 102,
        "accuracy": 0.9807692307692307
    },
    "N": {
        "n_true": 41,
        "n_correct": 40,
        "accuracy": 0.975609756097561
    },
    "O": {
        "n_true": 33,
        "n_correct": 33,
        "accuracy": 1.0
    },
    "P": {
        "n_true": 5,
        "n_correct": 5,
        "accuracy": 1.0
    },
    "Q": {
        "n_true": 1,
        "n_correct": 1,
        "accuracy": 1.0
    },
    "R": {
        "n_true": 83,
        "n_correct": 79,
        "accuracy": 0.9518072289156626
    },
    "S": {
        "n_true": 49,
        "n_correct": 45,
        "accuracy": 0.9183673469387755
    },
    "T": {
        "n_true": 10,
        "n_correct": 8,
        "accuracy": 0.8
    },
    "U": {
        "n_true": 1,
        "n_correct": 1,
        "accuracy": 1.0
    },
    "Z": {
        "n_true": 138,
        "n_correct": 123,
        "accuracy": 0.8913043478260869
    }
}