{
    "experiment": "E-002_FullICD10_ClinicalBERT",
    "model": "emilyalsentzer/Bio_ClinicalBERT",
    "label_scheme": "icd10_full",
    "num_labels": 1926,
    "num_epochs": 40,
    "best_epoch": 38.0,
    "train_runtime": 11754.4384,
    "train_samples_per_second": 26.298,
    "train_steps_per_second": 1.644,
    "total_flos": 8.273790043029504e+16,
    "train_loss": 3.5521817490674445,
    "epoch": 38.0,
    "eval_loss": 2.10239577293396,
    "eval_accuracy": 0.7546583850931677,
    "eval_macro_f1": 0.6572053376177088,
    "eval_top_5_accuracy": 0.8964803218841553,
    "eval_runtime": 10.7471,
    "eval_samples_per_second": 89.884,
    "eval_steps_per_second": 11.259,
    "step": 18354,
    "code_status_filter": "billable"
}