{
    "A": {
        "chapter": "A",
        "num_labels": 12,
        "train_loss": 1.3997781117757162,
        "val_macro_f1": 1.0,
        "val_accuracy": 1.0,
        "val_top5": 1.0,
        "model_path": "/Users/jroche/Workspace/Python/Notes_to_ICD10_prj/outputs/evaluations/E-005a_Hierarchical_ICD10_Extended/stage2/A/model"
    },
    "B": {
        "chapter": "B",
        "num_labels": 31,
        "train_loss": 1.697939109802246,
        "val_macro_f1": 0.9166666666666666,
        "val_accuracy": 0.9444444444444444,
        "val_top5": 1.0,
        "model_path": "/Users/jroche/Workspace/Python/Notes_to_ICD10_prj/outputs/evaluations/E-005a_Hierarchical_ICD10_Extended/stage2/B/model"
    },
    "C": {
        "chapter": "C",
        "num_labels": 101,
        "train_loss": 2.5833970913520226,
        "val_macro_f1": 0.5782312925170068,
        "val_accuracy": 0.6792452830188679,
        "val_top5": 0.9433962106704712,
        "model_path": "/Users/jroche/Workspace/Python/Notes_to_ICD10_prj/outputs/evaluations/E-005a_Hierarchical_ICD10_Extended/stage2/C/model"
    },
    "D": {
        "chapter": "D",
        "num_labels": 76,
        "train_loss": 2.352182970548931,
        "val_macro_f1": 0.6238095238095238,
        "val_accuracy": 0.7567567567567568,
        "val_top5": 0.9459459185600281,
        "model_path": "/Users/jroche/Workspace/Python/Notes_to_ICD10_prj/outputs/evaluations/E-005a_Hierarchical_ICD10_Extended/stage2/D/model"
    },
    "E": {
        "chapter": "E",
        "num_labels": 76,
        "train_loss": 2.493007640838623,
        "val_macro_f1": 0.5247863247863247,
        "val_accuracy": 0.6444444444444445,
        "val_top5": 0.9111111164093018,
        "model_path": "/Users/jroche/Workspace/Python/Notes_to_ICD10_prj/outputs/evaluations/E-005a_Hierarchical_ICD10_Extended/stage2/E/model"
    },
    "F": {
        "chapter": "F",
        "num_labels": 94,
        "train_loss": 2.578663190205892,
        "val_macro_f1": 0.6491228070175438,
        "val_accuracy": 0.7105263157894737,
        "val_top5": 0.9473684430122375,
        "model_path": "/Users/jroche/Workspace/Python/Notes_to_ICD10_prj/outputs/evaluations/E-005a_Hierarchical_ICD10_Extended/stage2/F/model"
    },
    "G": {
        "chapter": "G",
        "num_labels": 68,
        "train_loss": 2.315161850873162,
        "val_macro_f1": 0.6526315789473683,
        "val_accuracy": 0.7209302325581395,
        "val_top5": 0.930232584476471,
        "model_path": "/Users/jroche/Workspace/Python/Notes_to_ICD10_prj/outputs/evaluations/E-005a_Hierarchical_ICD10_Extended/stage2/G/model"
    },
    "H": {
        "chapter": "H",
        "num_labels": 83,
        "train_loss": 2.645959100269136,
        "val_macro_f1": 0.611111111111111,
        "val_accuracy": 0.7435897435897436,
        "val_top5": 0.8974359035491943,
        "model_path": "/Users/jroche/Workspace/Python/Notes_to_ICD10_prj/outputs/evaluations/E-005a_Hierarchical_ICD10_Extended/stage2/H/model"
    },
    "I": {
        "chapter": "I",
        "num_labels": 131,
        "train_loss": 2.794885849230217,
        "val_macro_f1": 0.6350574712643677,
        "val_accuracy": 0.7068965517241379,
        "val_top5": 0.9137930870056152,
        "model_path": "/Users/jroche/Workspace/Python/Notes_to_ICD10_prj/outputs/evaluations/E-005a_Hierarchical_ICD10_Extended/stage2/I/model"
    },
    "J": {
        "chapter": "J",
        "num_labels": 100,
        "train_loss": 2.7028359375,
        "val_macro_f1": 0.6062893081761006,
        "val_accuracy": 0.76,
        "val_top5": 0.9599999785423279,
        "model_path": "/Users/jroche/Workspace/Python/Notes_to_ICD10_prj/outputs/evaluations/E-005a_Hierarchical_ICD10_Extended/stage2/J/model"
    },
    "K": {
        "chapter": "K",
        "num_labels": 116,
        "train_loss": 2.717723977976832,
        "val_macro_f1": 0.45,
        "val_accuracy": 0.5869565217391305,
        "val_top5": 0.804347813129425,
        "model_path": "/Users/jroche/Workspace/Python/Notes_to_ICD10_prj/outputs/evaluations/E-005a_Hierarchical_ICD10_Extended/stage2/K/model"
    },
    "L": {
        "chapter": "L",
        "num_labels": 76,
        "train_loss": 2.387764539216694,
        "val_macro_f1": 0.7,
        "val_accuracy": 0.7878787878787878,
        "val_top5": 0.939393937587738,
        "model_path": "/Users/jroche/Workspace/Python/Notes_to_ICD10_prj/outputs/evaluations/E-005a_Hierarchical_ICD10_Extended/stage2/L/model"
    },
    "M": {
        "chapter": "M",
        "num_labels": 222,
        "train_loss": 3.250876433508737,
        "val_macro_f1": 0.5833333333333334,
        "val_accuracy": 0.6864406779661016,
        "val_top5": 0.8474576473236084,
        "model_path": "/Users/jroche/Workspace/Python/Notes_to_ICD10_prj/outputs/evaluations/E-005a_Hierarchical_ICD10_Extended/stage2/M/model"
    },
    "N": {
        "chapter": "N",
        "num_labels": 105,
        "train_loss": 2.511369002306903,
        "val_macro_f1": 0.7638888888888888,
        "val_accuracy": 0.8461538461538461,
        "val_top5": 1.0,
        "model_path": "/Users/jroche/Workspace/Python/Notes_to_ICD10_prj/outputs/evaluations/E-005a_Hierarchical_ICD10_Extended/stage2/N/model"
    },
    "O": {
        "chapter": "O",
        "num_labels": 63,
        "train_loss": 2.4074357748031616,
        "val_macro_f1": 0.5517241379310345,
        "val_accuracy": 0.6,
        "val_top5": 1.0,
        "model_path": "/Users/jroche/Workspace/Python/Notes_to_ICD10_prj/outputs/evaluations/E-005a_Hierarchical_ICD10_Extended/stage2/O/model"
    },
    "R": {
        "chapter": "R",
        "num_labels": 196,
        "train_loss": 2.9935933723449706,
        "val_macro_f1": 0.7513333333333334,
        "val_accuracy": 0.8448275862068966,
        "val_top5": 0.9482758641242981,
        "model_path": "/Users/jroche/Workspace/Python/Notes_to_ICD10_prj/outputs/evaluations/E-005a_Hierarchical_ICD10_Extended/stage2/R/model"
    },
    "S": {
        "chapter": "S",
        "num_labels": 87,
        "train_loss": 2.570606335726651,
        "val_macro_f1": 0.7299145299145299,
        "val_accuracy": 0.8421052631578947,
        "val_top5": 0.9473684430122375,
        "model_path": "/Users/jroche/Workspace/Python/Notes_to_ICD10_prj/outputs/evaluations/E-005a_Hierarchical_ICD10_Extended/stage2/S/model"
    },
    "T": {
        "chapter": "T",
        "num_labels": 15,
        "train_loss": 1.0890467286109924,
        "val_macro_f1": 1.0,
        "val_accuracy": 1.0,
        "val_top5": 1.0,
        "model_path": "/Users/jroche/Workspace/Python/Notes_to_ICD10_prj/outputs/evaluations/E-005a_Hierarchical_ICD10_Extended/stage2/T/model"
    },
    "Z": {
        "chapter": "Z",
        "num_labels": 263,
        "train_loss": 3.521163662997159,
        "val_macro_f1": 0.26269315673289184,
        "val_accuracy": 0.373015873015873,
        "val_top5": 0.6269841194152832,
        "model_path": "/Users/jroche/Workspace/Python/Notes_to_ICD10_prj/outputs/evaluations/E-005a_Hierarchical_ICD10_Extended/stage2/Z/model"
    }
}