{
    "experiment": "E-003_Hierarchical_ICD10",
    "stage": "Stage-1 Router",
    "model": "emilyalsentzer/Bio_ClinicalBERT",
    "num_labels": 22,
    "best_epoch": 4.0,
    "eval_loss": 0.18215711414813995,
    "eval_accuracy": 0.9658385093167702,
    "eval_macro_f1": 0.9724348634811587,
    "eval_top_5_accuracy": 0.9917184114456177,
    "eval_runtime": 11.1692,
    "eval_samples_per_second": 86.488,
    "eval_steps_per_second": 10.833,
    "epoch": 4.0,
    "step": 1932
}