{
    "e2e_accuracy": 0.6583850931677019,
    "e2e_macro_f1": 0.5438025210084034,
    "stage1_routing_acc": 0.953416149068323,
    "within_chapter_acc": 0.6905537459283387,
    "n_correct": 636,
    "n_routing_correct": 921,
    "n_routing_errors": 45,
    "n_stage2_correct": 636,
    "e002_accuracy": 0.469,
    "e002_macro_f1": 0.352,
    "e003_accuracy": 0.106,
    "e003_macro_f1": 0.07,
    "delta_e002_accuracy": 0.1893850931677019,
    "delta_e002_macro_f1": 0.19180252100840345,
    "delta_e003_accuracy": 0.5523850931677019
}